panel    , method , k, walk_std, lambda_1              , lambda_2            , lambda_2_row_ref      , block_size, d, lam                , s , max_iter, train_ari         , test_ari           , n_test_matrices, source_file                                                            , notes
walk     , WTV-SSC, 5,     0.0 , 0.0031622776601683794 , 0.001               , 0.00048164468350375136,          4,  ,                    ,   ,      100, 1.0               , 1.0                ,              20, sbm_summary.csv (icassp_ssc_tv2 job 61277062)                          , "lambda_2_row_ref back-computed from raw tuned lambda_2 / f_scale(N=150,block_size) for uniform reproduction via run_wtv_ssc"
walk     , OSC    , 5,     0.0 , 0.001                 , 0.46415888336127775 ,                       ,           ,  ,                    ,   ,       50, 1.0               , 1.0                ,              20, sbm_summary.csv (icassp_ssc_tv2 job 61277062)                          , 
walk     , TKSS   , 5,     0.0 ,                       ,                     ,                       ,           , 1, 1.0                ,  1,       30, 0.9268065941635847, 0.8853235190303745 ,              20, sbm_summary.csv (icassp_ssc_tv2 job 61277062)                          , 
walk     , WTV-SSC, 5,     0.05, 0.00031622776601683794, 0.006812920690579615, 0.0021174995181537687 ,         10,  ,                    ,   ,      100, 1.0               , 0.9870905976391346 ,              20, sbm_summary.csv (icassp_ssc_tv2 job 61277062)                          , "lambda_2_row_ref back-computed from raw tuned lambda_2 / f_scale(N=150,block_size) for uniform reproduction via run_wtv_ssc"
walk     , OSC    , 5,     0.05, 0.001                 , 0.46415888336127775 ,                       ,           ,  ,                    ,   ,       50, 1.0               , 1.0                ,              20, sbm_summary.csv (icassp_ssc_tv2 job 61277062)                          , 
walk     , TKSS   , 5,     0.05,                       ,                     ,                       ,           , 1, 0.1                ,  3,       30, 0.9067635592628316, 0.9042343402674213 ,              20, sbm_summary.csv (icassp_ssc_tv2 job 61277062)                          , 
walk     , WTV-SSC, 5,     0.1 , 0.1                   , 2.1544346900318843  , 1.3998045579883605    ,          2,  ,                    ,   ,      100, 0.9991235354772631, 0.9921618576655129 ,              20, sbm_summary.csv (icassp_ssc_tv2 job 61277062)                          , "lambda_2_row_ref back-computed from raw tuned lambda_2 / f_scale(N=150,block_size) for uniform reproduction via run_wtv_ssc"
walk     , OSC    , 5,     0.1 , 0.021544346900318832  , 2.154434690031882   ,                       ,           ,  ,                    ,   ,       50, 0.9963873777464946, 0.9665882848976273 ,              20, sbm_summary.csv (icassp_ssc_tv2 job 61277062)                          , 
walk     , TKSS   , 5,     0.1 ,                       ,                     ,                       ,           , 1, 0.03162277660168379,  8,       30, 0.8452365581352647, 0.8644316879916989 ,              20, sbm_summary.csv (icassp_ssc_tv2 job 61277062)                          , 
walk     , WTV-SSC, 5,     0.15, 0.31622776601683794   , 0.31622776601683794 , 0.20546321050293498   ,          2,  ,                    ,   ,      100, 0.9951269308497904, 0.959297062103358  ,              20, sbm_summary.csv (icassp_ssc_tv2 job 61277062)                          , "lambda_2_row_ref back-computed from raw tuned lambda_2 / f_scale(N=150,block_size) for uniform reproduction via run_wtv_ssc"
walk     , OSC    , 5,     0.15, 0.021544346900318832  , 0.46415888336127775 ,                       ,           ,  ,                    ,   ,       50, 0.9760770069630984, 0.9526043927497266 ,              20, sbm_summary.csv (icassp_ssc_tv2 job 61277062)                          , 
walk     , TKSS   , 5,     0.15,                       ,                     ,                       ,           , 1, 0.31622776601683794,  8,       30, 0.812872565048173 , 0.760262347697711  ,              20, sbm_summary.csv (icassp_ssc_tv2 job 61277062)                          , 
walk     , WTV-SSC, 5,     0.2 , 0.31622776601683794   , 0.31622776601683794 , 0.17374662477988578   ,          3,  ,                    ,   ,      100, 0.9750289313846074, 0.9370724935307406 ,              20, sbm_summary.csv (icassp_ssc_tv2 job 61277062)                          , "lambda_2_row_ref back-computed from raw tuned lambda_2 / f_scale(N=150,block_size) for uniform reproduction via run_wtv_ssc"
walk     , OSC    , 5,     0.2 , 0.021544346900318832  , 0.46415888336127775 ,                       ,           ,  ,                    ,   ,       50, 0.9076057586766311, 0.880428057359755  ,              20, sbm_summary.csv (icassp_ssc_tv2 job 61277062)                          , 
walk     , TKSS   , 5,     0.2 ,                       ,                     ,                       ,           , 1, 3.1622776601683795 ,  8,       30, 0.776977621577813 , 0.7163169545925201 ,              20, sbm_summary.csv (icassp_ssc_tv2 job 61277062)                          , 
walk     , WTV-SSC, 5,     0.25, 0.1                   , 0.31622776601683794 , 0.1370649239990414    ,          5,  ,                    ,   ,      100, 0.9107306544872186, 0.8819156093625908 ,              20, sbm_summary.csv (icassp_ssc_tv2 job 61277062)                          , "lambda_2_row_ref back-computed from raw tuned lambda_2 / f_scale(N=150,block_size) for uniform reproduction via run_wtv_ssc"
walk     , OSC    , 5,     0.25, 0.021544346900318832  , 0.021544346900318832,                       ,           ,  ,                    ,   ,       50, 0.8366775503096602, 0.7990442456839173 ,              20, sbm_summary.csv (icassp_ssc_tv2 job 61277062)                          , 
walk     , TKSS   , 5,     0.25,                       ,                     ,                       ,           , 1, 1.0                , 12,       30, 0.6921187201847158, 0.6852334027267164 ,              20, sbm_summary.csv (icassp_ssc_tv2 job 61277062)                          , 
walk     , WTV-SSC, 5,     0.3 , 0.1                   , 2.1544346900318843  , 1.3998045579883605    ,          2,  ,                    ,   ,      100, 0.8172687602583106, 0.8283506715460177 ,              20, sbm_summary.csv (icassp_ssc_tv2 job 61277062)                          , "lambda_2_row_ref back-computed from raw tuned lambda_2 / f_scale(N=150,block_size) for uniform reproduction via run_wtv_ssc"
walk     , OSC    , 5,     0.3 , 0.004641588833612777  , 0.001               ,                       ,           ,  ,                    ,   ,       50, 0.788894998443682 , 0.7817905671083449 ,              20, sbm_summary.csv (icassp_ssc_tv2 job 61277062)                          , 
walk     , TKSS   , 5,     0.3 ,                       ,                     ,                       ,           , 1, 1.0                , 12,       30, 0.607608427505468 , 0.659410559829324  ,              20, sbm_summary.csv (icassp_ssc_tv2 job 61277062)                          , 
blocksize, WTV-SSC, 5,     0.0 , 0.1                   ,                     , 1                     ,          2,  ,                    ,   ,      100,                   , 0.9943020719580671 ,              20, blocksize_sweep_shared_lambda_rowscaled_no_outlier.csv (icassp_ssc_tv2), "fixed lambda_1/lambda_2_row_ref, block_size swept (not tuned)"
blocksize, WTV-SSC, 5,     0.0 , 0.1                   ,                     , 1                     ,          3,  ,                    ,   ,      100,                   , 0.9974029851781665 ,              20, blocksize_sweep_shared_lambda_rowscaled_no_outlier.csv (icassp_ssc_tv2), "fixed lambda_1/lambda_2_row_ref, block_size swept (not tuned)"
blocksize, WTV-SSC, 5,     0.0 , 0.1                   ,                     , 1                     ,          4,  ,                    ,   ,      100,                   , 0.9965875336596742 ,              20, blocksize_sweep_shared_lambda_rowscaled_no_outlier.csv (icassp_ssc_tv2), "fixed lambda_1/lambda_2_row_ref, block_size swept (not tuned)"
blocksize, WTV-SSC, 5,     0.0 , 0.1                   ,                     , 1                     ,          5,  ,                    ,   ,      100,                   , 0.9894285271591065 ,              20, blocksize_sweep_shared_lambda_rowscaled_no_outlier.csv (icassp_ssc_tv2), "fixed lambda_1/lambda_2_row_ref, block_size swept (not tuned)"
blocksize, WTV-SSC, 5,     0.0 , 0.1                   ,                     , 1                     ,          6,  ,                    ,   ,      100,                   , 0.949285858811343  ,              20, blocksize_sweep_shared_lambda_rowscaled_no_outlier.csv (icassp_ssc_tv2), "fixed lambda_1/lambda_2_row_ref, block_size swept (not tuned)"
blocksize, WTV-SSC, 5,     0.0 , 0.1                   ,                     , 1                     ,          7,  ,                    ,   ,      100,                   , 0.9405805115110825 ,              20, blocksize_sweep_shared_lambda_rowscaled_no_outlier.csv (icassp_ssc_tv2), "fixed lambda_1/lambda_2_row_ref, block_size swept (not tuned)"
blocksize, WTV-SSC, 5,     0.0 , 0.1                   ,                     , 1                     ,          8,  ,                    ,   ,      100,                   , 0.9521441441273352 ,              20, blocksize_sweep_shared_lambda_rowscaled_no_outlier.csv (icassp_ssc_tv2), "fixed lambda_1/lambda_2_row_ref, block_size swept (not tuned)"
blocksize, WTV-SSC, 5,     0.0 , 0.1                   ,                     , 1                     ,         10,  ,                    ,   ,      100,                   , 0.8382274817210863 ,              20, blocksize_sweep_shared_lambda_rowscaled_no_outlier.csv (icassp_ssc_tv2), "fixed lambda_1/lambda_2_row_ref, block_size swept (not tuned)"
blocksize, WTV-SSC, 5,     0.0 , 0.1                   ,                     , 1                     ,         12,  ,                    ,   ,      100,                   , 0.8091454405019606 ,              20, blocksize_sweep_shared_lambda_rowscaled_no_outlier.csv (icassp_ssc_tv2), "fixed lambda_1/lambda_2_row_ref, block_size swept (not tuned)"
blocksize, WTV-SSC, 5,     0.0 , 0.1                   ,                     , 1                     ,         15,  ,                    ,   ,      100,                   , 0.6289764906857213 ,              20, blocksize_sweep_shared_lambda_rowscaled_no_outlier.csv (icassp_ssc_tv2), "fixed lambda_1/lambda_2_row_ref, block_size swept (not tuned)"
blocksize, WTV-SSC, 5,     0.1 , 0.1                   ,                     , 1                     ,          2,  ,                    ,   ,      100,                   , 0.9943020719580671 ,              20, blocksize_sweep_shared_lambda_rowscaled_no_outlier.csv (icassp_ssc_tv2), "fixed lambda_1/lambda_2_row_ref, block_size swept (not tuned)"
blocksize, WTV-SSC, 5,     0.1 , 0.1                   ,                     , 1                     ,          3,  ,                    ,   ,      100,                   , 0.9936700517962113 ,              20, blocksize_sweep_shared_lambda_rowscaled_no_outlier.csv (icassp_ssc_tv2), "fixed lambda_1/lambda_2_row_ref, block_size swept (not tuned)"
blocksize, WTV-SSC, 5,     0.1 , 0.1                   ,                     , 1                     ,          4,  ,                    ,   ,      100,                   , 0.9812465992982153 ,              20, blocksize_sweep_shared_lambda_rowscaled_no_outlier.csv (icassp_ssc_tv2), "fixed lambda_1/lambda_2_row_ref, block_size swept (not tuned)"
blocksize, WTV-SSC, 5,     0.1 , 0.1                   ,                     , 1                     ,          5,  ,                    ,   ,      100,                   , 0.9707348858931413 ,              20, blocksize_sweep_shared_lambda_rowscaled_no_outlier.csv (icassp_ssc_tv2), "fixed lambda_1/lambda_2_row_ref, block_size swept (not tuned)"
blocksize, WTV-SSC, 5,     0.1 , 0.1                   ,                     , 1                     ,          6,  ,                    ,   ,      100,                   , 0.9400476706259336 ,              20, blocksize_sweep_shared_lambda_rowscaled_no_outlier.csv (icassp_ssc_tv2), "fixed lambda_1/lambda_2_row_ref, block_size swept (not tuned)"
blocksize, WTV-SSC, 5,     0.1 , 0.1                   ,                     , 1                     ,          7,  ,                    ,   ,      100,                   , 0.9190247266551079 ,              20, blocksize_sweep_shared_lambda_rowscaled_no_outlier.csv (icassp_ssc_tv2), "fixed lambda_1/lambda_2_row_ref, block_size swept (not tuned)"
blocksize, WTV-SSC, 5,     0.1 , 0.1                   ,                     , 1                     ,          8,  ,                    ,   ,      100,                   , 0.8896967686755806 ,              20, blocksize_sweep_shared_lambda_rowscaled_no_outlier.csv (icassp_ssc_tv2), "fixed lambda_1/lambda_2_row_ref, block_size swept (not tuned)"
blocksize, WTV-SSC, 5,     0.1 , 0.1                   ,                     , 1                     ,         10,  ,                    ,   ,      100,                   , 0.8098690148510317 ,              20, blocksize_sweep_shared_lambda_rowscaled_no_outlier.csv (icassp_ssc_tv2), "fixed lambda_1/lambda_2_row_ref, block_size swept (not tuned)"
blocksize, WTV-SSC, 5,     0.1 , 0.1                   ,                     , 1                     ,         12,  ,                    ,   ,      100,                   , 0.7713494507217936 ,              20, blocksize_sweep_shared_lambda_rowscaled_no_outlier.csv (icassp_ssc_tv2), "fixed lambda_1/lambda_2_row_ref, block_size swept (not tuned)"
blocksize, WTV-SSC, 5,     0.1 , 0.1                   ,                     , 1                     ,         15,  ,                    ,   ,      100,                   , 0.6581043710451995 ,              20, blocksize_sweep_shared_lambda_rowscaled_no_outlier.csv (icassp_ssc_tv2), "fixed lambda_1/lambda_2_row_ref, block_size swept (not tuned)"
blocksize, WTV-SSC, 5,     0.2 , 0.1                   ,                     , 1                     ,          2,  ,                    ,   ,      100,                   , 0.9463677025633654 ,              20, blocksize_sweep_shared_lambda_rowscaled_no_outlier.csv (icassp_ssc_tv2), "fixed lambda_1/lambda_2_row_ref, block_size swept (not tuned)"
blocksize, WTV-SSC, 5,     0.2 , 0.1                   ,                     , 1                     ,          3,  ,                    ,   ,      100,                   , 0.9665200996701744 ,              20, blocksize_sweep_shared_lambda_rowscaled_no_outlier.csv (icassp_ssc_tv2), "fixed lambda_1/lambda_2_row_ref, block_size swept (not tuned)"
blocksize, WTV-SSC, 5,     0.2 , 0.1                   ,                     , 1                     ,          4,  ,                    ,   ,      100,                   , 0.9556425905778768 ,              20, blocksize_sweep_shared_lambda_rowscaled_no_outlier.csv (icassp_ssc_tv2), "fixed lambda_1/lambda_2_row_ref, block_size swept (not tuned)"
blocksize, WTV-SSC, 5,     0.2 , 0.1                   ,                     , 1                     ,          5,  ,                    ,   ,      100,                   , 0.9430831242028465 ,              20, blocksize_sweep_shared_lambda_rowscaled_no_outlier.csv (icassp_ssc_tv2), "fixed lambda_1/lambda_2_row_ref, block_size swept (not tuned)"
blocksize, WTV-SSC, 5,     0.2 , 0.1                   ,                     , 1                     ,          6,  ,                    ,   ,      100,                   , 0.8928372498163311 ,              20, blocksize_sweep_shared_lambda_rowscaled_no_outlier.csv (icassp_ssc_tv2), "fixed lambda_1/lambda_2_row_ref, block_size swept (not tuned)"
blocksize, WTV-SSC, 5,     0.2 , 0.1                   ,                     , 1                     ,          7,  ,                    ,   ,      100,                   , 0.8502603173566422 ,              20, blocksize_sweep_shared_lambda_rowscaled_no_outlier.csv (icassp_ssc_tv2), "fixed lambda_1/lambda_2_row_ref, block_size swept (not tuned)"
blocksize, WTV-SSC, 5,     0.2 , 0.1                   ,                     , 1                     ,          8,  ,                    ,   ,      100,                   , 0.7836385204769554 ,              20, blocksize_sweep_shared_lambda_rowscaled_no_outlier.csv (icassp_ssc_tv2), "fixed lambda_1/lambda_2_row_ref, block_size swept (not tuned)"
blocksize, WTV-SSC, 5,     0.2 , 0.1                   ,                     , 1                     ,         10,  ,                    ,   ,      100,                   , 0.7041978898592033 ,              20, blocksize_sweep_shared_lambda_rowscaled_no_outlier.csv (icassp_ssc_tv2), "fixed lambda_1/lambda_2_row_ref, block_size swept (not tuned)"
blocksize, WTV-SSC, 5,     0.2 , 0.1                   ,                     , 1                     ,         12,  ,                    ,   ,      100,                   , 0.5959276976221588 ,              20, blocksize_sweep_shared_lambda_rowscaled_no_outlier.csv (icassp_ssc_tv2), "fixed lambda_1/lambda_2_row_ref, block_size swept (not tuned)"
blocksize, WTV-SSC, 5,     0.2 , 0.1                   ,                     , 1                     ,         15,  ,                    ,   ,      100,                   , 0.4862164938524337 ,              20, blocksize_sweep_shared_lambda_rowscaled_no_outlier.csv (icassp_ssc_tv2), "fixed lambda_1/lambda_2_row_ref, block_size swept (not tuned)"
blocksize, WTV-SSC, 5,     0.3 , 0.1                   ,                     , 1                     ,          2,  ,                    ,   ,      100,                   , 0.8204519576229649 ,              20, blocksize_sweep_shared_lambda_rowscaled_no_outlier.csv (icassp_ssc_tv2), "fixed lambda_1/lambda_2_row_ref, block_size swept (not tuned)"
blocksize, WTV-SSC, 5,     0.3 , 0.1                   ,                     , 1                     ,          3,  ,                    ,   ,      100,                   , 0.844456851124237  ,              20, blocksize_sweep_shared_lambda_rowscaled_no_outlier.csv (icassp_ssc_tv2), "fixed lambda_1/lambda_2_row_ref, block_size swept (not tuned)"
blocksize, WTV-SSC, 5,     0.3 , 0.1                   ,                     , 1                     ,          4,  ,                    ,   ,      100,                   , 0.8569403118442468 ,              20, blocksize_sweep_shared_lambda_rowscaled_no_outlier.csv (icassp_ssc_tv2), "fixed lambda_1/lambda_2_row_ref, block_size swept (not tuned)"
blocksize, WTV-SSC, 5,     0.3 , 0.1                   ,                     , 1                     ,          5,  ,                    ,   ,      100,                   , 0.8366706109346829 ,              20, blocksize_sweep_shared_lambda_rowscaled_no_outlier.csv (icassp_ssc_tv2), "fixed lambda_1/lambda_2_row_ref, block_size swept (not tuned)"
blocksize, WTV-SSC, 5,     0.3 , 0.1                   ,                     , 1                     ,          6,  ,                    ,   ,      100,                   , 0.7628376280694402 ,              20, blocksize_sweep_shared_lambda_rowscaled_no_outlier.csv (icassp_ssc_tv2), "fixed lambda_1/lambda_2_row_ref, block_size swept (not tuned)"
blocksize, WTV-SSC, 5,     0.3 , 0.1                   ,                     , 1                     ,          7,  ,                    ,   ,      100,                   , 0.6814722103728995 ,              20, blocksize_sweep_shared_lambda_rowscaled_no_outlier.csv (icassp_ssc_tv2), "fixed lambda_1/lambda_2_row_ref, block_size swept (not tuned)"
blocksize, WTV-SSC, 5,     0.3 , 0.1                   ,                     , 1                     ,          8,  ,                    ,   ,      100,                   , 0.643114678204747  ,              20, blocksize_sweep_shared_lambda_rowscaled_no_outlier.csv (icassp_ssc_tv2), "fixed lambda_1/lambda_2_row_ref, block_size swept (not tuned)"
blocksize, WTV-SSC, 5,     0.3 , 0.1                   ,                     , 1                     ,         10,  ,                    ,   ,      100,                   , 0.5337064298668063 ,              20, blocksize_sweep_shared_lambda_rowscaled_no_outlier.csv (icassp_ssc_tv2), "fixed lambda_1/lambda_2_row_ref, block_size swept (not tuned)"
blocksize, WTV-SSC, 5,     0.3 , 0.1                   ,                     , 1                     ,         12,  ,                    ,   ,      100,                   , 0.4761540141048065 ,              20, blocksize_sweep_shared_lambda_rowscaled_no_outlier.csv (icassp_ssc_tv2), "fixed lambda_1/lambda_2_row_ref, block_size swept (not tuned)"
blocksize, WTV-SSC, 5,     0.3 , 0.1                   ,                     , 1                     ,         15,  ,                    ,   ,      100,                   , 0.43190289353932104,              20, blocksize_sweep_shared_lambda_rowscaled_no_outlier.csv (icassp_ssc_tv2), "fixed lambda_1/lambda_2_row_ref, block_size swept (not tuned)"
